protein_ug_ml,OD_600
0,0.11735461892576675
250,0.3483643324222082
500,0.3964371387589953
1000,0.9395280802137792
1500,1.112950777181536
2000,1.2979531615881983
